{"cameraMode":{"drawMode":0,"name":"Shaded","section":"Shading Mode"},"sceneLighting":false,"audioPlay":false,"sceneViewState":{"showFog":true,"showMaterialUpdate":false,"showSkybox":true,"showFlares":true,"showImageEffects":true,"showParticleSystems":true},"in2DMode":false,"pivot":{"x":44.859947204589847,"y":22.05603790283203,"z":108.96780395507813},"rotation":{"x":-0.05239430069923401,"y":-0.7017813324928284,"z":0.051892489194869998,"w":-0.7085655331611633},"size":4.038736343383789,"orthographic":false}