{"cameraMode":{"drawMode":0,"name":"Shaded","section":"Shading Mode"},"sceneLighting":false,"audioPlay":false,"sceneViewState":{"showFog":true,"showMaterialUpdate":false,"showSkybox":true,"showFlares":true,"showImageEffects":true,"showParticleSystems":true},"in2DMode":false,"pivot":{"x":34.85169219970703,"y":27.01467514038086,"z":174.0569610595703},"rotation":{"x":-0.05239430069923401,"y":-0.7017813324928284,"z":0.051892489194869998,"w":-0.7085655331611633},"size":6.355419635772705,"orthographic":false}