{"cameraMode":{"drawMode":0,"name":"Shaded","section":"Shading Mode"},"sceneLighting":false,"audioPlay":false,"sceneViewState":{"showFog":true,"showMaterialUpdate":false,"showSkybox":true,"showFlares":true,"showImageEffects":true,"showParticleSystems":true},"in2DMode":false,"pivot":{"x":44.97844696044922,"y":23.61248779296875,"z":108.86528778076172},"rotation":{"x":-0.05239430069923401,"y":-0.7017813324928284,"z":0.051892489194869998,"w":-0.7085655331611633},"size":6.8835272789001469,"orthographic":false}